,YRS,JAN,FEB,MAR,APR,MAY,JUN,JUL,AUG,SEP,OCT,NOV,DEC,ANN
"13876BIRMINGHAM,AL",198401-201512,6.9,7.4,7.6,7.3,6.2,5.4,5.2,4.9,5.4,5.5,6.1,6.5,6.2
"03856HUNTSVILLE,AL",198401-201512,8.3,8.7,9,8.5,7.5,6.1,5.3,5.1,6.1,6.5,7.4,8,7.2
"13894MOBILE,AL",198401-201512,8.6,9,9,8.6,7.6,6.4,5.8,5.7,6.7,7.1,7.8,8.2,7.5
"13895MONTGOMERY,AL",198401-201512,7,7.3,7.3,6.5,5.5,5,4.9,4.6,5.4,5.3,5.9,6.5,5.9
"26451ANCHORAGE,AK",198401-201512,6.4,6.5,7.1,7.1,8.2,8.1,7.2,6.7,6.8,6.5,6.6,6.3,7
"25308ANNETTE,AK",198401-201512,9,8.6,8.8,8.3,7.5,7.2,6.5,6.5,7.1,8.4,8.9,9.1,8
"27502BARROW,AK",198401-201512,12.7,12.8,11.6,11.7,12.4,11.9,12.2,12.4,13.1,13.9,13.2,12.9,12.6
"26615BETHEL,AK",198401-201512,14,13.7,12.8,11.6,10.7,9.8,9.7,10.4,10.5,11.5,12.3,12.9,11.7
"26533BETTLES,AK",198401-201512,4.7,5.1,5.9,6.5,6.4,5.9,5.5,5.1,5.4,5.4,4.8,4.8,5.5
"26415BIG DELTA,AK",198401-201512,12.1,11.1,9.7,8.6,8.5,7.6,6.8,7,8.5,8.9,10.2,12.4,9.3
"25624COLD BAY,AK",198401-201512,16.6,17.3,16.5,16.2,15.7,15.1,14.6,15.1,15.8,16.1,17.3,17.3,16.1
"26411FAIRBANKS,AK",198401-201512,2.5,3,4.7,5.7,6.4,5.9,5.4,5.2,4.9,4.1,2.8,2.3,4.4
"26425GULKANA,AK",198401-201512,3.1,4,5.6,6.9,7.8,7.5,7.1,6.9,7,4.9,3.4,3.2,5.6
"25507HOMER,AK",198401-201511,7.1,7,7.4,7.6,7.5,7.3,6.6,6.3,6.7,6.7,7.1,7.3,7
"25309JUNEAU,AK",198401-201512,7.3,7.4,7.7,7.7,7.4,6.8,6.6,6.9,7.9,8.4,7.7,7.7,7.5
"25503KING SALMON,AK",198401-201512,10,10.6,10.3,10.3,9.9,9.3,8.8,8.9,9.6,9.4,9.6,9.7,9.7
"25501KODIAK,AK",198401-201512,12.1,12.1,12.5,11.7,10.4,9.4,8,8.6,9.8,11,12.2,12.5,10.9
"26616KOTZEBUE,AK",198401-201512,11.8,12.5,10.5,10.7,10.3,10.7,11.5,12.1,12.3,12.8,13.2,12.6,11.7
"26510MCGRATH,AK",198401-201512,2.8,3.6,4.9,5.7,6,5.4,4.9,4.9,5,4.6,3.4,2.5,4.5
"26617NOME,AK",198401-201512,9.2,10.1,8.7,8.7,8.8,8.8,9,9.6,9.9,9.2,10.2,10,9.4
"25713ST. PAUL ISLAND,AK",198401-201512,18.7,18.4,16.9,16,13.9,12.4,11.2,12.3,14.6,16.2,17.8,17.8,15.5
"26528TALKEETNA,AK",198401-201512,5.3,5.1,5.2,4.5,4.7,4.7,4.2,3.4,3.5,3.7,4.8,4.9,4.5
"26442VALDEZ,AK",198401-201402,6.9,6.8,6.8,5.1,5.6,5.9,4.8,4.2,4.4,6.1,7.7,6.8,5.9
"25339YAKUTAT,AK",198401-201512,5.8,5.7,6,5.6,5.8,5.4,5,5,5.7,5.9,5.8,6.2,5.6
"03103FLAGSTAFF,AZ",198401-201512,5.9,6.5,6.6,7.7,7.4,6.9,5,4.3,4.9,5.4,6,5.9,6.1
"23183PHOENIX,AZ",198401-201512,4.9,5.5,6.3,7.1,7.1,6.8,7.2,6.7,6.2,5.4,4.9,4.6,6.1
"23160TUCSON,AZ",198401-201512,7.2,7.4,7.9,8.4,8.3,8.2,8,7.5,7.8,7.5,7.4,6.9,7.7
"23194WINSLOW,AZ",199507-201512,6.1,7.5,8.7,10.7,10.1,9.8,8.3,7.4,7,6.9,6.4,6.3,7.9
"13964FORT SMITH,AR",198401-201512,7.7,8.1,8.6,8.3,7.1,6.2,5.7,5.7,6.1,6.4,7.4,7.6,7.1
"13963LITTLE ROCK,AR",198401-201512,7.7,8.1,8.6,8.3,7.1,6.3,6,5.7,6,6.1,7.1,7.3,7
"23155BAKERSFIELD,CA",198401-201512,5,5.8,6.3,7.2,7.7,7.9,7.5,7,6.4,5.7,4.9,5,6.4
"23157BISHOP,CA",198401-201512,7.1,8.1,9.4,10.1,9.1,8.3,8,7.9,7.5,7.6,7.2,7,8.1
"23225BLUE CANYON,CA",198401-201512,5.4,6,6.1,5.6,5.3,5,4.3,4.5,5,5,5.3,6.1,5.3
"93193FRESNO,CA",198401-201512,4.1,5,5.9,7.3,8.3,8.4,7.6,6.8,6,4.6,3.9,4.1,6
"23129LONG BEACH,CA",198401-201512,4.5,5.4,6,6.6,6.6,6.5,6.4,6.1,5.7,5,4.5,4.4,5.6
"93134LOS ANGELES,CA",199907-201512,1.4,1.9,2.2,2.5,2.3,2.3,2.2,2.1,1.8,1.5,1.4,1.4,1.9
"24257REDDING,CA",198609-201512,5.4,6.5,6.9,6.7,6.8,7.1,6,5.5,5.6,5.6,5.1,6,6.1
"23232SACRAMENTO,CA",198401-201512,5,6,6.7,7.2,7.8,8.1,7.7,7.1,5.8,5.2,4.6,5.3,6.4
"23188SAN DIEGO,CA",198401-201512,5.2,6.2,6.8,7.4,7.4,7.4,7.1,6.9,6.7,5.9,5.2,5,6.4
"23272SAN FRANCISCO,CA",198401-201512,6.8,8.6,10.5,12.6,13.9,13.9,13,12.3,11,9.2,7.6,7.3,10.5
"23190SANTA BARBARA,CA",198401-201512,4.3,5.5,6.2,6.8,6.7,6.3,6,5.7,5.2,4.8,4.4,4.4,5.5
"23273SANTA MARIA,CA",198401-201512,6.3,7.2,8.2,9.1,9.3,8.6,7.2,6.9,6.6,6.7,6.5,6.3,7.4
"23237STOCKTON,CA",198401-201512,5.9,7.2,8,8.9,9.9,9.8,8.8,8.1,7.4,6.4,5.9,6.8,7.8
"23061ALAMOSA,CO",198401-201512,5.2,6.7,8.6,10.3,9.9,8.9,6.9,6.3,6.7,6.7,6.3,5.3,7.3
"93037COLORADO SPRINGS,CO",198401-201512,8.8,9.5,10.4,11.5,10.6,10,8.9,8.5,9,9.3,8.9,8.8,9.5
"23062DENVER,CO",198401-199502,7.8,7.8,8.9,9.2,9,8.3,7.9,7.5,7.4,7.2,7.6,7.1,8
"23066GRAND JUNCTION,CO",198401-201512,5.4,6.4,7.9,8.9,9.1,9.4,9.2,8.7,8.4,7.4,6.2,5.4,7.7
"93058PUEBLO,CO",198201-201512,7.3,8,9.2,10.4,9.7,9.2,8.5,7.9,7.8,7.6,7.2,6.9,8.3
"94702BRIDGEPORT,CT",198401-201512,10.2,10.5,10.8,10.4,9.5,8.8,8.2,8.4,9.2,9.6,9.9,10,9.6
"14740HARTFORD,CT",198401-201512,8.2,8.8,9.3,9,8.1,7.2,6.6,6.2,6.7,7.3,7.9,8.1,7.8
"13781WILMINGTON,DE",198401-201512,9.2,9.7,10.2,9.9,8.4,7.8,7.4,7,7.4,7.7,8.5,8.8,8.5
"93738WASHINGTON DULLES,DC",198401-201512,7.7,8,8.4,8,6.8,6.3,5.8,5.6,6,6.2,6.9,7,6.9
"13743WASHINGTON NAT'L,DC",198401-201512,9.5,9.7,10.4,9.9,9,8.6,8.1,7.8,8.3,8.4,8.9,9,9
"12834DAYTONA BEACH,FL",198401-201512,7.3,7.6,8.1,7.8,7.5,6.4,5.8,5.7,6.6,7.4,7.3,6.7,7
"12835FORT MYERS,FL",198401-201512,7.4,7.7,8.3,8,7.3,6.3,5.5,5.8,6.4,7.4,7.6,7,7
"12816GAINESVILLE,FL",198401-201512,6.5,6.9,7.2,6.8,6.5,5.7,5.1,5.1,5.6,5.8,5.9,5.8,6.1
"13889JACKSONVILLE,FL",198401-201512,7,7.3,7.9,7.4,7,6.3,5.9,5.7,6.2,6.3,6.4,6.3,6.7
"12836KEY WEST,FL",198401-201512,10.8,10.6,11.1,11,10,9.1,8.6,8.4,8.8,10.2,11.3,10.6,10
"12839MIAMI,FL",198401-201512,8.6,8.9,9.8,9.7,9,7.7,7.3,7.1,7.4,8.5,9,8.4,8.4
"12815ORLANDO,FL",198401-201512,8.2,8.4,9,8.6,8.1,7,6.4,6.3,6.9,7.7,8.2,7.7,7.7
"13899PENSACOLA,FL",198401-201512,8.6,8.9,9.2,9.1,8.4,7.4,6.7,6.4,7.1,7.4,7.9,8.1,7.9
"93805TALLAHASSEE,FL",198401-201512,5.7,6.1,6.4,6.2,5.8,5.1,4.5,4.5,5.4,5.3,5.4,5.3,5.5
"12842TAMPA,FL",198401-201512,7.2,7.4,8,7.8,7.2,6.6,5.8,5.6,6.2,6.7,7.1,6.8,6.9
"12843VERO BEACH,FL",198401-201512,8.4,8.7,9.5,9.4,8.9,7.6,6.8,6.5,7.1,8.3,8.7,8,8.2
"12844WEST PALM BEACH,FL",198401-201512,9.8,10,11,10.6,10,8.3,7.7,7.7,8.3,9.8,10.5,9.6,9.4
"13873ATHENS,GA",198401-201512,7.2,7.4,7.5,6.8,5.9,5.4,5.2,5,5.6,5.6,6.1,6.6,6.2
"13874ATLANTA,GA",198401-201512,9.3,9.6,9.6,9,8,7.4,7.2,6.9,7.7,7.8,8.4,8.8,8.3
"03820AUGUSTA,GA",198401-201512,6.1,6.5,6.9,6.5,5.7,5.1,5,4.3,4.8,4.7,5.1,5.4,5.5
"93842COLUMBUS,GA",198401-201512,6.6,6.9,7.1,6.7,6.2,5.6,5.6,5.2,5.9,5.7,5.9,6.1,6.1
"03813MACON,GA",198401-201512,6.6,6.9,7,6.5,6,5.5,5.2,4.9,5.4,5.3,5.6,6,5.9
"03822SAVANNAH,GA",198401-201512,7.3,7.6,8.2,7.6,7,6.5,6.1,5.9,6.6,6.4,6.4,6.6,6.9
"21504HILO,HI",198401-201512,6.9,7.2,7.2,7.1,6.9,6.7,6.5,6.5,6.5,6.4,6.4,6.6,6.7
"22521HONOLULU,HI",198401-201512,8.5,9.1,10.2,11,10.5,11.9,11.9,11.7,10.2,9.5,9.7,9.3,10.3
"22516KAHULUI,HI",198401-201512,10.7,11.2,12.5,13.4,13,15.4,15.4,14.9,13.1,12,11.7,11,12.9
"22536LIHUE,HI",198401-201512,11.9,12.4,13.6,14.6,13.2,14.4,14.7,14,12.6,12.4,13.2,12.7,13.3
"24131BOISE,ID",198401-201512,6.5,7.6,8.7,8.8,8.4,8.2,7.5,7.3,7.2,7,7.1,7,7.6
"24149LEWISTON,ID",198401-201512,6.5,5.8,6.3,6.5,6,6,5.8,5.5,5,4.9,5.8,6,5.8
"24156POCATELLO,ID",198401-201512,9.2,9.5,10.7,11.5,10.4,9.7,8.6,8.4,8.4,9.3,9.8,9.1,9.6
"94846CHICAGO,IL",198401-201512,11.2,10.9,11.1,11.3,10,8.8,8.2,7.8,8.4,9.7,10.8,10.5,9.9
"14923MOLINE,IL",198401-201512,9.7,9.4,10.3,10.6,8.9,7.4,6.5,6.1,6.8,8.2,9.4,9.1,8.5
"14842PEORIA,IL",198401-201512,9.5,9.3,10.1,10.1,8.5,7.4,6.5,6,6.6,8,9.3,9,8.4
"94822ROCKFORD,IL",198401-201512,10.1,10.1,10.8,11.2,9.8,8.2,7.4,6.8,7.5,9,10.1,9.7,9.2
"93822SPRINGFIELD,IL",198401-201512,10.9,10.7,11.3,11.4,9.6,7.8,6.8,6.5,7.2,8.9,10.8,10.5,9.4
"93817EVANSVILLE,IN",198401-201512,8.3,8.3,8.4,8.3,6.9,6.2,5.5,5,5.4,6.2,7.4,7.6,7
"14827FORT WAYNE,IN",198401-201512,11,10.4,10.5,10.8,9.3,8,7,6.2,6.9,8.6,10.1,10.3,9.1
"93819INDIANAPOLIS,IN",198401-201512,10.9,10.7,11.1,11.1,9.5,8.4,7.6,7.2,7.9,9,10.3,10.3,9.5
"14848SOUTH BEND,IN",198401-201512,10.9,10.3,10.5,10.6,9.2,8,7.3,6.7,7.4,8.7,10,10.2,9.1
"14933DES MOINES,IA",198401-201512,10.6,10.4,11.1,11.4,10.2,9.1,8.3,7.8,8.7,9.7,10.6,10.2,9.9
"94908DUBUQUE,IA",198401-201512,11.4,11.4,11.8,12.4,10.8,9.1,7.9,7.7,8.6,10.3,11.4,10.9,10.3
"14943SIOUX CITY,IA",198401-201512,11.1,11.1,11.7,12.5,11.6,9.8,8.3,8,9.1,10.1,10.9,10.8,10.4
"94910WATERLOO,IA",198401-201512,10.7,10.7,11.3,11.9,10.6,8.9,7.7,7.3,8.3,9.6,10.6,10.2,9.8
"13984CONCORDIA,KS",198401-201512,10.9,11.1,12.4,12.9,11.4,11.1,10.2,9.7,10.6,10.8,11.4,10.7,11.1
"13985DODGE CITY,KS",198401-201512,12.5,13.1,14.4,14.9,13.9,13.7,12.5,11.7,12.9,12.8,13,12.5,13.1
"23065GOODLAND,KS",198401-201512,12,12.3,13.3,14.1,13.1,12.3,11.2,10.7,11.4,11.7,11.9,11.7,12.1
"13996TOPEKA,KS",198401-201512,8.3,8.5,9.7,9.9,8.5,7.9,6.9,6.3,7,7.7,8.5,7.9,8.1
"03928WICHITA,KS",198401-201512,11.1,11.5,12.9,13.3,11.9,11.9,10.9,10.2,11,11.2,11.7,10.9,11.5
"03889JACKSON,KY",198401-201512,6.3,6.4,6.5,6.4,4.6,3.9,3.5,3.4,3.9,4.5,5.6,5.9,5.1
"93820LEXINGTON,KY",198401-201512,9.5,9.2,9.3,9.2,7.5,6.8,6.2,5.9,6.4,7.3,8.5,8.8,7.9
"93821LOUISVILLE,KY",198401-201512,9,9,9,9.1,7.6,7.1,6.6,6.2,6.4,7.1,8.2,8.3,7.8
"03816PADUCAH,KY",198410-201512,8.4,8.5,8.9,8.4,6.9,5.9,5.4,4.8,5.2,6.3,7.6,7.9,7
"13970BATON ROUGE,LA",198401-201512,7.2,7.6,7.5,7.6,6.6,5.7,5.1,4.8,5.4,5.5,6.3,6.7,6.3
"03937LAKE CHARLES,LA",198401-201512,8.8,9.2,8.9,8.9,7.7,6.6,5.5,5.3,6.5,7.2,8,8.5,7.6
"12916NEW ORLEANS,LA",198401-201512,9.1,9.5,9.2,9.3,8.2,6.7,5.9,6.1,7.3,7.9,8.5,8.8,8
"13957SHREVEPORT,LA",198401-201512,8.1,8.5,8.8,8.6,7.7,6.6,6,5.6,6.3,6.4,7.4,7.7,7.3
"14607CARIBOU,ME",198401-201512,8.5,8.6,9.2,8.9,8.4,7.5,6.7,6.4,7.2,8,8.4,8.3,8
"14764PORTLAND,ME",198401-201512,8.2,8.6,9.4,9.3,8.3,7.5,6.9,6.7,7,7.8,8,8.1,8
"93721BALTIMORE,MD",198401-201512,7.9,8.4,8.8,8.5,7.3,6.8,6.3,5.9,6.3,6.5,7.2,7.5,7.3
"14739BOSTON,MA",198401-201512,12.6,12.7,12.8,12.2,11.3,10.7,10.3,10,10.4,11.4,11.7,12.4,11.5
"94746WORCESTER,MA",198401-201512,11.4,11.6,11.4,10.7,9.9,9.2,8.8,8.3,8.8,9.9,10.7,11.3,10.2
"94849ALPENA,MI",198401-201512,8.4,8.4,8.4,8.9,8,7,6.5,6.3,6.7,7.6,8.3,8.1,7.7
"94847DETROIT,MI",198401-201512,11.2,10.5,10.5,10.5,9.2,8.5,8,7.4,7.8,9.3,10.5,10.6,9.5
"14826FLINT,MI",198401-201512,10.5,10.2,10.3,10.4,9.2,7.9,7.3,6.9,7.6,8.9,9.9,9.8,9.1
"94860GRAND RAPIDS,MI",198401-201512,10.9,10.6,10.6,10.8,9.6,8.5,8,7.4,7.8,9.2,10.3,10.4,9.5
"94814HOUGHTON LAKE,MI",198401-201512,8.7,8.5,8.5,9.3,8.6,7.5,6.9,6.7,7.1,8.3,9.1,8.8,8.2
"14836LANSING,MI",198401-201512,10.5,10.2,10.1,10.2,9,7.9,7.2,6.7,7.2,8.6,10,10.1,9
"14840MUSKEGON,MI",198401-201512,11.5,10.9,10.7,10.8,9.4,8.5,8.1,7.8,8.4,10,11.3,11.1,9.9
"14847SAULT STE. MARIE,MI",198401-201512,7.9,8,8.3,8.8,8.2,7.2,6.8,6.6,7.1,7.9,8.6,8.1,7.8
"14913DULUTH,MN",198401-201512,10.6,10.4,10.6,11.1,10.5,9.3,8.6,8.5,9.5,10.4,10.6,10.3,10.1
"14918INTERNATIONAL FALLS,MN",198401-201512,7.9,8,8.4,8.7,8.4,7.5,6.7,6.6,7.4,8.1,8.2,7.6,7.8
"14922MINNEAPOLIS-ST.PAUL,MN",198401-201512,9.7,9.6,10.3,11.2,10.3,9.4,8.8,8.5,9.3,9.9,9.9,9.4,9.7
"14925ROCHESTER,MN",198401-201512,13.6,13.3,13.4,13.8,12.8,11.2,9.8,9.3,10.6,11.9,13.3,13.1,12.2
"14926SAINT CLOUD,MN",198401-201512,8.5,8.5,9.1,9.8,9.2,7.8,7,6.7,7.6,8.4,8.7,8.2,8.3
"03940JACKSON,MS",198401-201512,7.1,7.4,7.5,7.2,6.1,5.2,4.5,4.5,5.3,5.5,6.2,6.9,6.1
"13865MERIDIAN,MS",198401-201512,6.9,7.3,7.3,6.9,5.8,4.9,4.5,4.4,5.1,5.2,5.9,6.5,5.9
"93862TUPELO,MS",198401-201512,7.4,7.9,8,7.5,6.4,5.4,4.9,4.9,5.8,5.8,6.7,7.2,6.5
"03945COLUMBIA,MO",198401-201512,10.5,10.5,11.3,11.2,9.3,8.3,7.6,7.4,8.1,9.3,10.5,10.3,9.5
"03947KANSAS CITY,MO",198401-201512,11,10.8,11.9,12.1,10.4,9.8,9,8.5,9.3,10.2,11.1,10.6,10.4
"13994ST. LOUIS,MO",198401-201512,10.1,10.1,10.5,10.5,9.1,8.3,7.6,7.2,7.5,8.6,9.6,9.7,9.1
"13995SPRINGFIELD,MO",198401-201512,10,10.2,11,10.6,9.1,8.3,7.4,7.3,7.9,8.9,10,10,9.2
"24033BILLINGS,MT",198401-201512,13.4,11.9,10.9,10.6,9.9,9.4,8.8,8.9,9.3,10.5,11.8,12.8,10.7
"94008GLASGOW,MT",198401-201512,9.5,9.5,11.1,12.1,12.1,11,10.4,10.7,10.5,10.4,9.6,9.3,10.5
"24143GREAT FALLS,MT",198401-201512,14,12.2,11.9,11.5,10.5,9.9,9.1,9.1,10,11.8,13.6,14,11.5
"94012HAVRE,MT",198401-201512,9.9,9.1,9.8,10.4,10.1,9.5,8.4,8.3,8.5,9.1,9.7,9.7,9.4
"24144HELENA,MT",198401-201512,5.9,6.4,7.5,8.4,8,7.9,7.2,6.5,6.4,6.6,6.4,5.7,6.9
"24146KALISPELL,MT",199804-201512,4,4.3,5.9,6.7,6.4,5.5,5.1,4.8,4.6,4.2,4.3,3.7,5
"24153MISSOULA,MT",198401-201512,4,4.9,5.9,6.8,6.6,6.6,6.4,5.9,5.2,4.6,4.5,4.1,5.5
"14935GRAND ISLAND,NE",198401-201512,11.2,11.5,12.5,13.4,12.1,10.9,9.3,9.1,10.3,10.9,11.4,11.1,11.1
"14939LINCOLN,NE",198401-201512,9.4,9.8,11,12,10.6,9.9,8.9,8.5,9.2,9.6,9.8,9.2,9.8
"14941NORFOLK,NE",198401-201512,11,11.2,11.9,12.5,11.3,10.1,9,8.8,9.9,10.4,10.9,10.7,10.7
"24023NORTH PLATTE,NE",198401-201512,8.6,9.2,10.5,11.6,10.5,9.6,8.6,8.2,8.8,9,8.8,8.3,9.3
"14942OMAHA,NE",198401-201512,10.2,10.4,11.3,11.8,10.5,9.6,8.5,8.2,9.1,9.7,10.4,10.2,10
"24028SCOTTSBLUFF,NE",198401-201512,10.1,10.4,11.1,11.7,11.1,10.1,8.7,8.3,8.5,9.3,9.5,9.5,9.8
"24032VALENTINE,NE",198401-201512,9.5,9.5,10.4,11.3,11.1,10.1,9.2,9.2,9.8,9.8,9.6,9.3,9.9
"24121ELKO,NV",198401-201512,4.7,5.3,6.3,6.9,6.7,6.5,6.1,5.7,5.2,4.8,5,4.9,5.7
"23154ELY,NV",198401-201512,8.9,9.2,9.8,10,9.9,10,9.5,9.7,9.4,9.1,9,9.1,9.5
"23169LAS VEGAS,NV",198401-201512,6.9,7.9,9.5,10.5,10.7,10.6,9.4,8.9,8.2,7.6,7.2,6.8,8.7
"23185RENO,NV",198401-201512,4.5,5.7,7.5,8.3,8.2,7.8,7.2,6.6,5.6,5,5.1,5,6.4
"24128WINNEMUCCA,NV",198401-201512,6.9,7.8,8.4,8.5,8.4,8.5,7.9,7.5,7.2,6.8,7.1,7.1,7.7
"14745CONCORD,NH",198401-201512,6.5,7.2,7.4,7.1,6.3,5.7,5.1,4.7,4.8,5.4,5.9,6.3,6
"14755MT. WASHINGTON,NH",198401-201511,46.9,44.6,40.8,34.9,30.1,28.5,26.1,25.1,29.8,35.9,40.4,44.1,35.6
"93730ATLANTIC CITY,NJ",198401-201512,9.5,10.1,10.6,10.4,8.9,7.9,7.4,7,7.3,7.9,8.7,9.2,8.7
"14734NEWARK,NJ",198401-201512,10.7,11,11.2,10.6,9.5,9.3,8.7,8.4,8.8,9.4,10,10.4,9.8
"23050ALBUQUERQUE,NM",198401-201512,7.3,8.2,9,10.1,9.8,9.2,8.2,7.6,7.6,7.5,7.4,7,8.2
"23051CLAYTON,NM",198401-201512,11.5,12.3,12.9,14,13,12.6,11.3,10.5,11.2,11.6,12,11.7,12.1
"23009ROSWELL,NM",198401-201512,7.5,8.6,9.6,10.4,9.9,9.8,8.5,7.6,7.8,7.7,7.6,7.3,8.5
"14735ALBANY,NY",198401-201512,8.7,9,9.6,9.3,7.9,7.3,6.7,6,6.5,7.2,8.3,8.5,7.9
"04725BINGHAMTON,NY",198401-201512,9.9,10,10.1,9.8,8.7,8.1,7.3,7.1,7.8,8.7,9.4,9.6,8.9
"14733BUFFALO,NY",198401-201512,12.5,11.7,11.1,10.8,10,9.3,9,8.3,8.6,9.7,11.1,11.6,10.3
"04781ISLIP,NY",198401-201512,9.9,10.2,10.6,10.1,8.8,8.4,7.8,7.4,7.8,8.5,9.3,9.7,9
"14768ROCHESTER,NY",198401-201512,10.6,10.3,10.2,10.1,8.8,8,7.4,7,7.3,8.4,9.4,9.9,9
"14771SYRACUSE,NY",198401-201512,9.7,9.6,9.6,9.2,7.9,7.2,6.8,6.3,6.9,7.7,9.1,9.4,8.3
"03812ASHEVILLE,NC",198401-201512,8.6,8.6,8.3,7.8,6.2,5.2,5,4.5,4.8,5.8,7.2,7.8,6.6
"93729CAPE HATTERAS,NC",198401-201512,10.2,10.2,10.7,10.6,9.8,9.6,9,8.5,9.5,9.3,9.6,9.9,9.7
"13881CHARLOTTE,NC",198401-201512,6.6,7.1,7.6,7.5,6.7,6,5.7,5.4,6,5.6,6,6.1,6.4
"13723GREENSBORO-WNSTN-SALM-HGHPT,NC",198401-201512,7.7,8,8.5,8.6,7.4,6.7,6.3,5.8,6.2,6.3,6.9,7,7.1
"13722RALEIGH,NC",198401-201512,7,7.3,7.8,7.9,7,6.4,6.1,5.6,5.9,5.6,5.9,6.2,6.6
"13748WILMINGTON,NC",198401-201512,8,8.4,9,9.2,8.2,7.6,7.2,6.4,7.1,6.7,7.1,7.3,7.7
"24011BISMARCK,ND",198401-201512,9.3,9.2,10.2,10.8,10.7,9.4,8.6,8.7,9,9.4,9.1,9,9.4
"14914FARGO,ND",198401-201512,11.4,11.5,12,12.4,12.2,10.4,9.3,9.6,10.5,11.5,11.5,11.3,11.1
"14916GRAND FORKS,ND",199502-201512,10.9,10.5,11,11.2,11.3,9.5,8.3,8.5,9.6,10.4,10.5,10.5,10.2
"94014WILLISTON,ND",198401-201512,8.9,8.8,9.5,10.4,10.5,9.6,8.7,8.6,8.7,9.1,8.6,8.5,9.2
"14895AKRON,OH",198401-201512,11,10.5,10.4,10.1,8.6,7.9,7.2,6.8,7.5,8.7,10,10.3,9.1
"93814CINCINNATI,OH",198401-201512,9.7,9.7,9.9,9.7,7.8,7.1,6.6,6.3,6.8,7.6,8.9,9.1,8.3
"14820CLEVELAND,OH",198401-201512,11.3,10.7,10.8,10.3,9.1,8.4,7.9,7.5,8.1,9.2,10.6,10.8,9.6
"14821COLUMBUS,OH",198401-201512,9.2,8.9,8.9,8.8,7.4,6.7,6.1,5.6,5.9,6.8,8.1,8.5,7.6
"93815DAYTON,OH",198401-201512,11.1,10.7,10.7,10.6,9.1,8.2,7.4,6.9,7.6,8.9,10.3,10.5,9.3
"14891MANSFIELD,OH",198401-201512,11.8,11.1,11.2,11.3,9.7,8.5,7.7,7.2,8.1,9.6,11,11,9.8
"94830TOLEDO,OH",198401-201512,10.5,10,10.2,10.4,8.7,7.6,6.9,6.2,6.8,8.2,9.6,9.7,8.7
"14852YOUNGSTOWN,OH",198401-201512,10.3,9.9,9.9,9.7,8.2,7.3,6.8,6.5,7.1,8.2,9.5,9.8,8.6
"13967OKLAHOMA CITY,OK",198401-201512,11.6,12.1,13.2,13.3,11.8,10.8,9.9,9.3,9.8,10.9,12,11.3,11.3
"13968TULSA,OK",198401-201512,9.3,9.6,10.7,11,10,9.4,8.8,7.9,8,8.7,9.8,9.1,9.4
"94224ASTORIA,OR",198401-201512,8.4,8.1,8.2,8.1,7.9,8.1,8.3,7.5,6.9,6.9,8.2,8.5,7.9
"94185BURNS,OR",199804-201512,4.8,6,7.4,8.3,8,7.6,6.9,6.6,6.3,5.9,5.4,5.2,6.5
"24221EUGENE,OR",198401-201512,6.9,7.1,7.4,7.1,6.7,7,7.5,7.1,6.8,6.4,7,7.2,7
"24225MEDFORD,OR",198401-201512,3.1,3.8,4.5,4.7,5.1,5.5,5.2,4.7,3.7,3.1,3.1,3.2,4.2
"24155PENDLETON,OR",198401-201512,6.9,7.2,8.4,9.1,8.8,8.8,8.4,8.1,7.7,7.3,7.5,7,7.9
"24229PORTLAND,OR",198401-201512,9.1,8.6,7.6,7,6.7,6.9,7.1,6.7,6.1,6.2,8,9.2,7.5
"24232SALEM,OR",198401-201512,6.9,7,7.2,6.8,6.4,6.4,6.5,6,5.5,5.6,7.1,7.1,6.5
"24235SEXTON SUMMIT,OR",198401-201512,11.1,10.1,8.6,7.4,7.2,7.3,7.5,7.1,7.3,8.6,10.7,11.4,8.7
"14737ALLENTOWN,PA",198401-201512,8.3,8.7,9.1,8.8,7.6,7,6.2,5.8,6.2,6.8,7.4,7.9,7.5
"14860ERIE,PA",198401-201512,12,10.9,10.7,10.2,9.3,8.7,8.1,8,9,10.2,11.7,11.9,10.1
"14711MIDDLETOWN/HARRISBURG,PA",199110-201512,8.7,9,9.4,8.9,7.4,6.6,6,5.5,5.9,6.3,7.6,8.1,7.4
"13739PHILADELPHIA,PA",198401-201512,9.9,10.4,10.8,10.3,9,8.6,8.4,7.9,8.2,8.8,9.3,9.8,9.3
"94823PITTSBURGH,PA",198401-201512,9.3,9.2,9.3,9.2,7.7,7,6.3,5.9,6.3,7.1,8.3,8.7,7.9
"14777AVOCA,PA",198401-201512,7.8,8,8.4,8.1,7.1,6.3,6,5.6,6.1,6.5,7.3,7.5,7.1
"14778WILLIAMSPORT,PA",198401-201512,7.7,7.9,7.9,7.9,6.6,6,5.4,4.9,5.2,5.7,6.8,7.2,6.6
"14765PROVIDENCE,RI",198401-201512,9.7,10.1,10.7,10.5,9.6,8.8,8.5,8.1,8.1,8.7,9.2,9.4,9.3
"13782CHARLESTON,SC",198401-201512,8.2,8.6,9.1,9.1,8.3,7.7,7.3,6.9,7.3,7.2,7.4,7.5,7.9
"13883COLUMBIA,SC",198401-201512,6.7,7,7.4,7.5,6.6,6,5.7,5.1,5.6,5.3,5.4,5.9,6.2
"03870GREENVILLE-SPARTANBURG,SC",198401-201512,7.3,7.5,8,7.9,6.8,6.2,5.8,5.3,5.9,6.1,6.4,6.7,6.7
"14929ABERDEEN,SD",198401-201512,10.6,10.7,11.6,12.5,12.1,10.4,9.1,9.1,10.2,10.7,10.6,10.3,10.7
"14936HURON,SD",198401-201512,10.5,10.6,11.5,11.8,11.3,9.8,9,9,9.8,10.3,10.6,10.5,10.4
"24090RAPID CITY,SD",198401-201512,10.5,11,11.7,12.6,11.8,10.3,9.6,9.5,10.1,10.8,10.4,10.1,10.7
"14944SIOUX FALLS,SD",198401-201512,10.4,10.4,11.4,12.1,11.2,9.8,9.2,8.8,9.5,9.9,10.4,10,10.3
"13877BRISTOL-JHNSN CTY-KNGSPRT,TN",198401-201512,5.5,5.8,6.1,5.7,4.6,4,3.6,3.1,3.3,3.7,4.3,4.7,4.5
"13882CHATTANOOGA,TN",198401-201512,5.8,6.2,6.5,6.1,5,4.4,4.2,3.9,4,4.2,4.8,5.3,5
"13891KNOXVILLE,TN",198401-201512,6.7,7,7.3,7.1,6.1,5.6,5.4,4.7,4.8,5.1,5.6,6.1,6
"13893MEMPHIS,TN",198401-201512,9,9.4,9.5,9.3,8.4,7.4,6.9,6.6,7.1,7.3,8.2,8.7,8.1
"13897NASHVILLE,TN",198401-201512,8.1,8.3,8.5,8.1,6.9,6.2,5.9,5.6,5.9,6.4,7.3,7.9,7.1
"13962ABILENE,TX",198401-201512,10.8,11.5,12.5,13,12.1,11.4,10,8.9,9.1,10.3,10.9,10.5,10.9
"23047AMARILLO,TX",198401-201512,12.1,12.8,13.9,14.7,13.7,13.9,12.4,11.4,12,12.3,12.6,12.1,12.8
"13958AUSTIN,TX",198401-201512,7,7.5,8,7.9,7.5,6.9,6.4,5.8,5.7,6,6.5,6.6,6.8
"12919BROWNSVILLE,TX",198401-201512,10,11.3,11.9,12.5,12.3,10.9,10.8,9.2,7.9,8.6,9.5,9.8,10.4
"12924CORPUS CHRISTI,TX",198401-201512,11.9,12.8,13.5,13.9,12.6,10.9,10.8,10.3,9.7,10.7,11.7,11.8,11.7
"13960DALLAS,TX",199804-201512,8.8,10,10.7,11.5,11,10.5,8.9,8.2,7.9,8.6,9.1,8.9,9.5
"22010DEL RIO,TX",199604-201512,7.2,8.2,9.5,10.2,10.3,10.6,9.9,8.9,7.7,8,7.4,7,8.8
"23044EL PASO,TX",198401-201512,7.3,8.4,9.5,10.5,9.8,8.6,7.6,6.9,6.9,7.1,7.3,7.2,8.1
"12923GALVESTON,TX",199903-201512,11.5,11.8,11.8,12.6,12.7,11,9.6,9.2,9.9,10.5,11.2,11.5,11.1
"12960HOUSTON,TX",198401-201512,7.9,8.4,8.6,8.9,8.3,7.1,6.2,5.9,6.3,6.9,7.5,7.6,7.5
"23042LUBBOCK,TX",198401-201512,11.8,12.4,13.7,14.4,13.7,13.2,11,9.9,10.2,11,11.5,11.4,12
"23023MIDLAND-ODESSA,TX",198401-201512,10.1,11,11.9,12.7,12.3,12.4,10.8,9.8,9.7,10.2,10.1,9.9,10.9
"12917PORT ARTHUR,TX",198401-201512,9.6,10.1,10.1,10.3,9.3,7.7,6.3,6,7.3,8.1,8.9,9.3,8.6
"23034SAN ANGELO,TX",198401-201512,9.7,10.3,11,11.4,10.6,10,9,8.1,8,8.6,9.4,9.4,9.6
"12921SAN ANTONIO,TX",198401-201512,7.6,8.1,8.9,9.2,9.3,9.1,8.6,7.9,7.2,7.5,7.6,7.4,8.2
"12912VICTORIA,TX",198401-201512,9.7,10.3,10.8,11.2,10.6,9.3,8.5,7.9,7.9,8.5,9,9.3,9.4
"13959WACO,TX",198401-201512,10,10.7,11.4,11.5,10.6,9.9,9.8,9,8.5,9.2,9.9,9.6,10
"13966WICHITA FALLS,TX",198401-201512,10.8,11.5,12.4,12.8,12.2,11.7,10.8,9.7,9.7,10.6,11.2,10.6,11.2
"24127SALT LAKE CITY,UT",198401-201512,6.6,7.5,9,9.5,9.1,9.2,9.2,9.4,8.8,8,7.7,7.1,8.4
"14742BURLINGTON,VT",198401-201512,9.3,8.6,8.9,9,8.3,7.7,7.1,6.9,7.6,8.1,9.1,9,8.3
"13733LYNCHBURG,VA",198401-201512,6.5,6.6,7.1,7.2,6,5.2,4.8,4.5,5,5.2,5.7,5.8,5.8
"13737NORFOLK,VA",198401-201512,10.1,10.4,11,11,10,9.1,8.5,8,9.2,9.2,9.4,9.6,9.6
"13740RICHMOND,VA",198401-201512,8.2,8.5,9.1,9,7.9,7.3,6.9,6.4,6.8,6.9,7.5,7.6,7.7
"13741ROANOKE,VA",198401-201512,8,8,8.2,7.9,6.5,5.9,5.6,5,5.1,5.7,6.6,7.1,6.7
"93739WALLOPS ISLAND,VA",198401-201512,9.2,9.8,10.4,10.5,9.7,8.8,8.1,7.8,8.6,8.4,8.6,8.5,9
"24227OLYMPIA,WA",198401-201512,6,5.9,6.5,6.5,6.1,6.1,5.5,5.2,4.9,5.3,6.4,6,5.9
"94240QUILLAYUTE,WA",198401-201512,6.2,6.2,6.3,5.9,5.4,5.1,4.8,4.5,4.3,4.9,6,6.1,5.5
"24233SEATTLE,WA",198401-201512,8.4,8.5,8.5,8.2,7.8,7.7,7.4,7,7,7.3,8.4,8.4,7.9
"24157SPOKANE,WA",198401-201512,8.3,8.5,9.7,10,9.5,9.3,8.7,8.2,8,8.3,8.8,8,8.8
"24160WALLA WALLA,WA",199811-201512,7.1,7.4,9.1,8.9,8.4,8.6,8.2,7.9,7.2,7,7.4,7.2,7.9
"24243YAKIMA,WA",198401-201512,4.4,5.6,6.8,7.6,7.6,7.7,7.3,6.8,6.5,5.8,5.1,4.2,6.3
"03872BECKLEY,WV",198401-201512,8.6,8.5,8.5,8.3,7,6,5.5,5.2,5.8,6.5,7.6,8,7.1
"13866CHARLESTON,WV",198401-201512,5.7,5.7,5.7,5.8,4.3,3.9,3.5,3.1,3.2,3.7,4.6,5.2,4.5
"13729ELKINS,WV",198401-201512,6,6.2,6.4,6.4,5,4.1,3.7,3.2,3.4,4.2,5.1,5.5,4.9
"03860HUNTINGTON,WV",198401-201512,7,6.9,7,7,5.6,5.1,4.8,4.3,4.6,5.1,6.1,6.4,5.8
"14898GREEN BAY,WI",198401-201512,9.6,9.5,9.7,10.4,9.3,7.9,7.2,6.7,7.5,8.8,9.5,9.2,8.8
"14920LA CROSSE,WI",198401-201512,8.7,8.7,9.1,9.8,8.9,8.1,7.5,7.1,8,8.9,9.4,8.6,8.6
"14837MADISON,WI",198401-201512,8.8,8.9,9.4,10,8.6,7.5,6.8,6.4,7.1,8.1,9,8.5,8.3
"14839MILWAUKEE,WI",198401-201512,11.1,10.8,11,11.5,10.3,9.1,8.9,8.5,9.1,10.2,10.9,10.7,10.2
"24089CASPER,WY",198401-201512,15.4,13.7,12.8,11.7,10.8,10.3,9.4,9.5,10.1,11.2,13.8,15.1,12
"24018CHEYENNE,WY",198401-201512,14.6,13.6,13.8,13.6,12.1,11.1,10,9.9,10.6,11.8,13.2,13.8,12.3
"24021LANDER,WY",198401-201512,4.9,5.1,6.6,7.4,7.4,7.5,7.1,6.9,6.4,5.6,5.3,4.8,6.3
"24029SHERIDAN,WY",198401-201512,6.8,7.1,8,9.1,8.4,7.2,6.6,6.4,6.5,6.8,6.8,6.6,7.2
"41415GUAM,PC",198401-201512,11.6,11.8,11.7,11,9.6,9.1,7.4,7,6.7,7.7,10.6,11.7,9.7
"40309KOROR,PC",198401-201511,6.9,7,6.7,6.1,5.4,5.5,6.1,6.5,6.4,6,5.5,6,6.2
"40604KWAJALEIN- MARSHALL IS.,PC",198401-200911,17.2,16.4,16.2,15.5,14.2,13.4,11.4,9.6,9,10,12.5,16.8,13.5
"40710MAJURO- MARSHALL IS,PC",198401-201511,12.2,11.9,12.3,11.6,10.7,9.8,8.3,7.1,7,7.1,8.3,11,9.8
"61705PAGO PAGO- AMER SAMOA,PC",198401-201511,9.5,9.4,8.8,9.3,11.1,13.1,13.8,13.5,13.7,12.3,11,10.2,11.3
"40504POHNPEI- CAROLINE IS.,PC",198401-201511,7.7,7.6,7.3,6.7,6.3,5.8,5.2,5,5.1,5,5.4,6.8,6.2
"40505CHUUK- E. CAROLINE IS.,PC",198401-201511,11.2,11.3,10.9,9.7,8.5,7.7,7.4,7.8,7.8,7.6,8.2,10.1,9
"40308YAP- W CAROLINE IS.,PC",198401-201511,9.7,10.1,9.8,9,7.6,7.3,7.3,7.9,7.4,7,7.9,8.9,8.3
"11641SAN JUAN,PR",198401-201512,7.7,8.1,8.3,8.2,8,8.7,9.4,8.2,6.8,6,6.9,7.5,7.8
